{"State.6d9db861-d279-4c76-8d47-d73fe98ea81a": {"id": "6d9db861-d279-4c76-8d47-d73fe98ea81a", "created_at": "2024-04-17T15:08:17.526078", "updated_at": "2024-04-17T15:08:17.526081", "name": "California", "__class__": "State"}, "State.e9be76c5-2b70-4b88-b511-28830ae455d5": {"id": "e9be76c5-2b70-4b88-b511-28830ae455d5", "created_at": "2024-04-17T15:08:17.526460", "updated_at": "2024-04-17T15:08:17.526462", "name": "Arizona", "__class__": "State"}, "Place.67f9ff08-4c7a-4536-911e-082a01ce2671": {"id": "67f9ff08-4c7a-4536-911e-082a01ce2671", "created_at": "2024-04-17T15:08:17.530378", "updated_at": "2024-04-17T15:08:17.530381", "city_id": "0001", "user_id": "0001", "name": "My little house", "number_rooms": 4, "number_bathrooms": 2, "max_guest": 10, "price_by_night": 300, "latitude": 37.773972, "longitude": -122.431297, "__class__": "Place"}, "State.c377c99e-1421-4ff6-b98d-8e908598db38": {"id": "c377c99e-1421-4ff6-b98d-8e908598db38", "created_at": "2024-04-17T15:48:52.422057", "updated_at": "2024-04-17T15:48:52.422057", "name": "California", "__class__": "State"}, "State.5bd80454-bbf9-4a0d-868b-18f4f6deba18": {"id": "5bd80454-bbf9-4a0d-868b-18f4f6deba18", "created_at": "2024-04-17T15:48:52.422670", "updated_at": "2024-04-17T15:48:52.422670", "name": "Nevada", "__class__": "State"}, "State.79c78c10-9aba-495f-a0b5-1030f615060f": {"id": "79c78c10-9aba-495f-a0b5-1030f615060f", "created_at": "2024-04-19T07:58:06.026422", "updated_at": "2024-04-19T07:58:06.026422", "name": "California", "__class__": "State"}, "State.8e761e0e-acd9-4842-8a06-cafb779942ac": {"id": "8e761e0e-acd9-4842-8a06-cafb779942ac", "created_at": "2024-04-19T07:58:06.027200", "updated_at": "2024-04-19T07:58:06.027200", "name": "Nevada", "__class__": "State"}}